{"cameraMode":{"drawMode":0,"name":"Shaded","section":"Shading Mode"},"sceneLighting":true,"audioPlay":false,"sceneViewState":{"showFog":true,"showMaterialUpdate":false,"showSkybox":true,"showFlares":true,"showImageEffects":true,"showParticleSystems":true},"in2DMode":false,"pivot":{"x":-0.359968900680542,"y":0.3384298086166382,"z":-27.768436431884767},"rotation":{"x":-0.0009592577116563916,"y":0.9982574582099915,"z":-0.016781235113739969,"w":-0.056974444538354877},"size":13.789266586303711,"orthographic":false}